<?xml version="1.0" encoding="UTF-8"?>
<Configuration>
    <Properties>
        <Property name="kafka-server">127.0.0.1:9092</Property>
        <Property name="default-pattern">[%d{yyyy-MM-dd HH:mm:ss.SSS}] [%X{tenant}] [${service-name}] [%t] [%X{transaction.id}] [%X{trace.id}] [%X{span.id}] [%X{error.id}] [%X{stan}] [%level] [%logger{1.}] %msg%n</Property>
    </Properties>
    <Appenders>
        <Console name="Console" target="SYSTEM_OUT">
            <PatternLayout
                    pattern="%style{%d{ISO8601}}{black} %highlight{%-5level }[%style{%t}{bright,blue}] %style{%C{1.}}{bright,yellow}: %msg%n%throwable" />
        </Console>

        <RollingFile name="RollingFile"
                     fileName="C:/tweetLogs/tweetApplication.log"
                     filePattern="C:/tweetLogs/$${date:yyyy-MM}/tweetApplication-%d{-dd-MMMM-yyyy}-%i.log.gz">
            <PatternLayout>
                <pattern>%d %p %C{1.} [%t] %m%n</pattern>
            </PatternLayout>
            <Policies>
                <!-- rollover on startup, daily and when the file reaches
                    10 MegaBytes -->
                <SizeBasedTriggeringPolicy
                        size="10 MB" />
                <TimeBasedTriggeringPolicy />
            </Policies>
        </RollingFile>

        <Kafka name="Kafka" topic="tweetLogs">
            <PatternLayout>
                <pattern>%d %p %C{1.} [%t] %m%n</pattern>
            </PatternLayout>
            <Property name="bootstrap.servers">${kafka-server}</Property>
        </Kafka>
    </Appenders>

    <Loggers>
        <!-- LOG everything at INFO level -->
        <Root level="info">
            <AppenderRef ref="Console" />
            <AppenderRef ref="RollingFile" />
            <AppenderRef ref="Kafka" />
        </Root>

        <!-- LOG "com.baeldung*" at TRACE level -->
        <Logger name="com.tweetapp" level="info"></Logger>
    </Loggers>

</Configuration>